mail;nom;prenom;date_naissance;numero_tel;degre;date_inscripton;parrain;ci_validee
ultrices@inconsequat.co.uk;Burch;Karleigh;1993-03-27;;0;2021-05-10;;f
Curabitur@facilisisvitaeorci.com;Knox;Erin;1999-01-05;;0;2021-05-10;;f
vitae.orci.Phasellus@auctor.ca;Green;Demetria;1978-08-15;;0;2021-05-10;;f
egestas@faucibusidlibero.org;Todd;Noble;1974-11-17;;0;2021-05-10;Fusce@dignissim.net;f
mollis.Integer.tincidunt@tinciduntduiaugue.net;Shelton;Fuller;2003-06-04;;0;2021-05-10;;f
mi.lorem.vehicula@nullaCras.co.uk;Orr;Chantale;1979-07-06;;0;2021-05-10;;f
Aenean@malesuadaiderat.com;Shaw;Zorita;1988-05-04;;0;2021-05-10;;f
ultrices@rutrumloremac.net;Gillespie;Amir;1975-06-08;;0;2021-05-10;;f
vehicula.Pellentesque@malesuadafamesac.ca;Russo;Colette;1972-11-22;;0;2021-05-10;;f
ac@auctor.co.uk;Mcneil;Ora;1974-12-18;;0;2021-05-10;;f
dui.lectus.rutrum@egetvenenatis.co.uk;Turner;Beau;1973-08-01;;0;2021-05-10;;f
ornare.Fusce.mollis@mauris.edu;Jefferson;Latifah;1982-05-18;;0;2021-05-10;;f
Lorem.ipsum.dolor@orcisem.org;Barrett;Aretha;1979-11-05;;0;2021-05-10;;f
ridiculus.mus.Proin@Namconsequatdolor.org;Decker;Justin;1984-09-01;;0;2021-05-10;;f
rhoncus@pedenonummy.ca;Tyson;Clinton;1992-01-27;;0;2021-05-10;;f
Etiam.gravida@pharetranibh.org;Nieves;Brendan;1991-02-11;0837235728;0;2021-05-10;Suspendisse@malesuadavelvenenatis.net;f
non.bibendum@Praesentinterdum.edu;Bryan;Kimberly;1984-11-17;;0;2021-05-10;;f
Mauris.non@lectusasollicitudin.com;Herrera;Jamalia;1977-09-16;;0;2021-05-10;;f
quis@semperrutrum.edu;Cline;Savannah;1973-07-14;;0;2021-05-10;ultrices@inconsequat.co.uk;t
iaculis.enim.sit@Morbineque.edu;Patel;Hayden;1987-12-11;;0;2021-05-10;Fusce@dignissim.net;f
mi.lacinia@orci.org;Olson;Ivy;1975-10-27;;0;2021-05-10;Ines.Klimann@irif.fr;f
Fusce@dignissim.net;Spears;Jackson;2003-07-12;;44;2021-05-10;;f
in.tempus@nullaat.co.uk;Lott;Ray;1989-12-14;;0;2021-05-10;;f
Suspendisse@malesuadavelvenenatis.net;Nash;Gareth;1993-03-12;;0;2021-05-10;;t
amet.risus.Donec@sitamet.ca;Franco;Sandra;1999-01-22;;0;2021-05-10;;f
erat@risus.com;Russell;Octavia;1977-02-18;;0;2021-05-10;;f
ullamcorper@quamelementum.org;Silva;Logan;1994-09-05;;0;2021-05-10;;f
purus.in@vehiculaPellentesquetincidunt.net;Lynn;Jesse;1999-04-08;0757424583;0;2021-05-10;;f
ut.pharetra@dictum.ca;Mullen;Fuller;1971-02-14;;0;2021-05-10;;f
libero@molestie.co.uk;Bridges;Karly;1987-11-19;;0;2021-05-10;;f
posuere.vulputate@Phasellus.co.uk;Floyd;Illiana;1996-03-01;;0;2021-05-10;;f
a.enim.Suspendisse@iaculisodio.co.uk;Reese;Tatyana;1998-11-14;;0;2021-05-10;;t
Morbi@porttitorscelerisque.edu;Dotson;Diana;1997-03-27;0620647713;0;2021-05-10;;f
sed.leo.Cras@miloremvehicula.co.uk;Hale;Shoshana;1976-08-20;;0;2021-05-10;;t
Morbi.vehicula.Pellentesque@ut.com;Watts;Isabella;1986-05-02;;0;2021-05-10;;t
in.sodales.elit@ridiculusmus.com;Monroe;Leandra;2000-01-14;0775438705;0;2021-05-10;;f
Mauris.magna.Duis@metuseu.co.uk;Atkins;Anjolie;1970-09-30;;0;2021-05-10;;t
Praesent.interdum@ornarelectus.org;Briggs;Shafira;1992-02-01;;0;2021-05-10;;f
malesuada@fringilla.org;Rasmussen;Eve;1997-12-11;;0;2021-05-10;;t
magna.a.neque@nisiMauris.edu;Mathis;Darrel;1996-07-06;;0;2021-05-10;;f
varius.orci.in@aceleifend.co.uk;Haynes;Leslie;1995-01-31;;0;2021-05-10;;t
a.felis@neccursusa.com;Johnson;Amelia;1985-11-10;;0;2021-05-10;;f
est@feugiat.edu;Brady;Maite;1982-02-06;0636814831;0;2021-05-10;;f
sit@arcu.org;Gonzalez;Chloe;2004-04-16;0973802211;0;2021-05-10;;f
Donec@Aliquamornarelibero.edu;Little;Kadeem;1978-01-08;0658126703;0;2021-05-10;;f
turpis.Nulla@auctorvitaealiquet.ca;Riley;Naomi;1978-01-05;;0;2021-05-10;;f
libero@id.co.uk;Hodges;Jennifer;2001-08-21;0516357103;0;2021-05-10;;f
nibh.Donec.est@vel.ca;Rojas;Christian;1999-11-04;0558677150;0;2021-05-10;;f
non@pedeCum.org;Walsh;Brenda;1997-05-08;0522207821;0;2021-05-10;;f
Nulla@loremvehicula.co.uk;Frederick;Iola;1977-04-28;;0;2021-05-10;;t
diam.at@eleifend.edu;Snyder;Grady;1992-01-06;;0;2021-05-10;;f
egestas.rhoncus@dictumultricies.net;Lowe;Harper;2004-12-17;0807313771;0;2021-05-10;;f
Duis.gravida.Praesent@at.co.uk;Greer;Fritz;1971-10-05;;0;2021-05-10;;f
malesuada.ut@acorciUt.edu;Morrison;Victoria;1993-09-02;;0;2021-05-10;;f
mollis@posuerevulputate.edu;Marsh;Amena;1982-05-08;0654860811;0;2021-05-10;;f
libero.at.auctor@interdum.ca;Stephens;Robert;1978-03-31;0861562315;0;2021-05-10;;f
nascetur@gravidasitamet.co.uk;Hester;Lesley;1977-01-07;;0;2021-05-10;;f
faucibus@erosturpisnon.ca;Holden;Blossom;1988-01-07;;0;2021-05-10;;t
sed.est.Nunc@ornareegestas.org;Day;Jolie;1974-12-10;;0;2021-05-10;Fusce@dignissim.net;f
Nunc.lectus.pede@liberomaurisaliquam.ca;Velasquez;Hiram;1973-05-20;;11;2021-05-10;id.enim.Curabitur@cursusdiam.co.uk;f
Curae@eu.ca;Chaney;Taylor;2001-12-05;0931322306;0;2021-05-10;Suspendisse@malesuadavelvenenatis.net;f
magna.Sed.eu@tempordiam.com;Moreno;Florence;1985-04-11;0725030862;0;2021-05-10;id.enim.Curabitur@cursusdiam.co.uk;f
ipsum@dignissimpharetraNam.co.uk;Ashley;Zachary;1992-02-04;;0;2021-05-10;;t
tellus.lorem.eu@convallis.co.uk;Church;Uma;1998-09-30;;10;2021-05-10;;t
Pellentesque.habitant.morbi@nibhenim.edu;Baker;Hyacinth;1984-05-07;0610326002;0;2021-05-10;;f
augue.Sed.molestie@magna.edu;Thompson;Lacey;1998-12-31;0475023267;8;2021-05-10;;f
aliquam@ametultriciessem.com;Hebert;Benedict;1971-02-23;0475184211;0;2021-05-10;;f
vitae.risus.Duis@non.org;Maynard;Karyn;1994-02-23;0487555102;0;2021-05-10;;f
et@fermentum.com;Deleon;Rebekah;1994-11-24;0834671417;0;2021-05-10;;f
ultrices.a.auctor@ridiculusmus.co.uk;Tyler;Rae;1970-10-01;;0;2021-05-10;;t
eu.accumsan.sed@pedenonummyut.edu;Rush;Abraham;1984-04-21;0568405431;0;2021-05-10;;f
ante@tortor.net;Riggs;Oprah;2002-10-25;;0;2021-05-10;;f
Curabitur.sed.tortor@eratVivamusnisi.net;Bond;Shoshana;1975-09-25;;0;2021-05-10;;f
velit@justonec.ca;Yang;Willa;1986-06-25;0560333723;0;2021-05-10;;f
velit.Quisque.varius@feugiattelluslorem.com;Bray;Renee;1989-12-08;;0;2021-05-10;;f
tincidunt.pede@dignissimpharetraNam.co.uk;Hamilton;Madeline;2001-05-27;0578646355;15;2021-05-10;;f
Vivamus.rhoncus.Donec@nonduinec.com;Alvarado;Adrian;1971-07-26;0561886373;9;2021-05-10;;f
a.sollicitudin.orci@id.net;Moon;Zane;1986-12-07;;14;2021-05-10;;t
eget.tincidunt.dui@mus.ca;Dudley;Tate;1996-03-22;0507776313;11;2021-05-10;;f
lacus.Quisque@non.org;Freeman;Ina;1983-03-17;;14;2021-05-10;;f
Mauris.ut@suscipitnonummy.org;Alexander;Bruce;1996-11-26;;8;2021-05-10;;t
amet.nulla.Donec@magnaa.ca;Mcintyre;Grant;1991-08-15;;17;2021-05-10;;f
diam@purusmaurisa.co.uk;Faulkner;Ava;2000-02-23;0522860386;13;2021-05-10;Suspendisse@malesuadavelvenenatis.net;f
nec@loremtristiquealiquet.ca;Bradshaw;Allen;1982-10-19;;17;2021-05-10;;f
sed.hendrerit@gravidanonsollicitudin.edu;Delacruz;Bianca;1978-02-17;;8;2021-05-10;;t
sem@nequetellusimperdiet.org;Rhodes;Brody;1975-04-16;;13;2021-05-10;;f
mattis.Integer.eu@sedpede.co.uk;Sanford;Walter;1989-10-29;;9;2021-05-10;;f
ac@ultrices.co.uk;Velasquez;Claire;1979-07-19;;16;2021-05-10;;f
litora.torquent@anteMaecenasmi.ca;Munoz;Idola;2000-10-19;;10;2021-05-10;;f
amet@Vivamusnibh.org;Ingram;Jaime;1990-06-22;;16;2021-05-10;;f
id.enim.Curabitur@cursusdiam.co.uk;Mccarty;Bell;1981-12-05;;13;2021-05-10;;t
Nullam@adipiscingelit.com;Adams;Melinda;1991-08-30;;14;2021-05-10;;t
pede.malesuada.vel@ultricies.ca;David;Leilani;1993-11-21;0611851804;14;2021-05-10;;f
Lorem@Maecenas.edu;Tate;Piper;1974-07-16;0833351465;8;2021-05-10;;f
leo@primisinfaucibus.edu;Wood;Nyssa;1972-06-13;;12;2021-05-10;Ines.Klimann@irif.fr;t
Phasellus@cursus.com;Mcgee;Sawyer;1982-08-25;;14;2021-05-10;;t
blandit.viverra@velitegestaslacinia.edu;Kerr;Lev;1977-06-04;0478185088;12;2021-05-10;;f
hendrerit.neque.In@nislelementum.ca;Curry;Quincy;1973-09-25;;9;2021-05-10;Ines.Klimann@irif.fr;t
purus.gravida.sagittis@ligulaeu.com;Meadows;Jesse;2000-01-17;0458358243;12;2021-05-10;;f
id.sapien.Cras@eu.edu;Small;Risa;1978-07-30;;10;2021-05-10;;f
amelie@irif.fr;Gheerbrant;Amelie;2010-01-01;;0;;;f
Ines.Klimann@irif.fr;Klimann;Ines;2010-01-01;;0;;;f
